id,full_name,position,department,career_mentor,tech_mentor
1001,Scott Stafford,CEO, None, None, None
1002,Bryan Wheeler,Department Head,Engineering,Scott Stafford,Scott Stafford
1003,Kristin Johnson,Department Head,Product,Scott Stafford,Scott Stafford
1004,Jeffery Dominguez,Department Head,Quality Assurance,Scott Stafford,Scott Stafford
1605,Lisa Spencer,Tech Lead,Engineering,Bryan Wheeler,Bryan Wheeler
1606,Mr. Trevor Wright,Tech Lead,Engineering,Bryan Wheeler,Bryan Wheeler
1607,Scott Hester,Tech Lead,Engineering,Bryan Wheeler,Bryan Wheeler
1608,David Williams,Tech Lead,Engineering,Bryan Wheeler,Bryan Wheeler
1609,Morgan Byrd,Tech Lead,Engineering,Bryan Wheeler,Bryan Wheeler
1610,Theresa Baker,Tech Lead,Engineering,Bryan Wheeler,Bryan Wheeler
1611,Robert Chapman,Tech Lead,Engineering,Bryan Wheeler,Bryan Wheeler
1612,Jason Moore,Tech Lead,Engineering,Bryan Wheeler,Bryan Wheeler
1613,Miranda Fitzgerald,Tech Lead,Engineering,Bryan Wheeler,Bryan Wheeler
1614,William Hoover,Tech Lead,Engineering,Bryan Wheeler,Bryan Wheeler
1615,Benjamin Carpenter,Project Manager,Product,Kristin Johnson,Kristin Johnson
1616,Jason Collins,Project Manager,Product,Kristin Johnson,Kristin Johnson
1617,Colleen Cooper,Project Manager,Product,Kristin Johnson,Kristin Johnson
1618,Alex Hart,Project Manager,Product,Kristin Johnson,Kristin Johnson
1619,Jamie Smith,Project Manager,Product,Kristin Johnson,Kristin Johnson
1620,Kristen Chang,Project Manager,Product,Kristin Johnson,Kristin Johnson
1621,Kimberly Webb,Project Manager,Product,Kristin Johnson,Kristin Johnson
1622,Paul Mills,Project Manager,Product,Kristin Johnson,Kristin Johnson
1623,Stephanie Nelson,Project Manager,Product,Kristin Johnson,Kristin Johnson
1624,Kelly Harvey,Project Manager,Product,Kristin Johnson,Kristin Johnson
1625,Angela Boyd,QA Lead,Quality Assurance,Jeffery Dominguez,Jeffery Dominguez
1626,Katherine Taylor,QA Lead,Quality Assurance,Jeffery Dominguez,Jeffery Dominguez
1627,Melissa Young,QA Lead,Quality Assurance,Jeffery Dominguez,Jeffery Dominguez
1628,Holly Meyer,QA Lead,Quality Assurance,Jeffery Dominguez,Jeffery Dominguez
1629,Melissa Ramirez,QA Lead,Quality Assurance,Jeffery Dominguez,Jeffery Dominguez
1630,Misty Smith,QA Lead,Quality Assurance,Jeffery Dominguez,Jeffery Dominguez
1631,Aaron Meyer,QA Lead,Quality Assurance,Jeffery Dominguez,Jeffery Dominguez
1632,Robert Wells,QA Lead,Quality Assurance,Jeffery Dominguez,Jeffery Dominguez
1633,Steven Smith,QA Lead,Quality Assurance,Jeffery Dominguez,Jeffery Dominguez
1634,Tommy Berry,QA Lead,Quality Assurance,Jeffery Dominguez,Jeffery Dominguez
1005,Michael Hughes,Senior Developer,Engineering,Jason Moore,Scott Hester
1006,Kevin Riley,Senior Developer,Engineering,Jason Moore,William Hoover
1007,Phyllis Banks,Developer,Engineering,Miranda Fitzgerald,Morgan Byrd
1008,Cindy Maxwell,Senior Developer,Engineering,Theresa Baker,Mr. Trevor Wright
1009,Kenneth Martinez,Senior Developer,Engineering,David Williams,Theresa Baker
1010,Cody Gaines,Developer,Engineering,Miranda Fitzgerald,Scott Hester
1011,Richard Smith,Developer,Engineering,William Hoover,Scott Hester
1012,Julie Foster,Senior Developer,Engineering,Morgan Byrd,William Hoover
1013,Kimberly Griffin,Senior Developer,Engineering,Theresa Baker,Robert Chapman
1014,John Vazquez,Senior Developer,Engineering,Miranda Fitzgerald,Miranda Fitzgerald
1015,Matthew Pearson,Developer,Engineering,Jason Moore,Theresa Baker
1016,Ernest Thompson,Senior Developer,Engineering,Mr. Trevor Wright,Scott Hester
1017,Miss Alison Smith,Senior Developer,Engineering,Lisa Spencer,Miranda Fitzgerald
1018,Jeff Alvarez,Developer,Engineering,Scott Hester,Mr. Trevor Wright
1019,Brandon Bright,Senior Developer,Engineering,Mr. Trevor Wright,Miranda Fitzgerald
1020,Ann Andrews,Senior Developer,Engineering,Jason Moore,Theresa Baker
1021,Brent Conley,Senior Developer,Engineering,David Williams,Scott Hester
1022,Jordan Hunt,Senior Developer,Engineering,Miranda Fitzgerald,Scott Hester
1023,Maria Scott,Senior Developer,Engineering,William Hoover,Lisa Spencer
1024,Diane Williams,Senior Developer,Engineering,Scott Hester,Morgan Byrd
1025,Ebony Garcia,Developer,Engineering,Jason Moore,Jason Moore
1026,Jennifer Webb,Developer,Engineering,Scott Hester,Jason Moore
1027,Lauren Adams,Senior Developer,Engineering,William Hoover,Scott Hester
1028,Anthony Ellis,Senior Developer,Engineering,Mr. Trevor Wright,David Williams
1029,Samuel Walsh,Developer,Engineering,Morgan Byrd,Miranda Fitzgerald
1030,Brittany Jordan,Developer,Engineering,Mr. Trevor Wright,Theresa Baker
1031,Danielle Taylor,Developer,Engineering,Lisa Spencer,Theresa Baker
1032,Justin Silva,Senior Developer,Engineering,Theresa Baker,Miranda Fitzgerald
1033,Felicia Martinez,Developer,Engineering,Jason Moore,David Williams
1034,Christopher Young MD,Developer,Engineering,Morgan Byrd,Lisa Spencer
1035,Nicholas Gonzalez,Developer,Engineering,David Williams,William Hoover
1036,Sara Hill,Senior Developer,Engineering,Lisa Spencer,Scott Hester
1037,Rachel Castro,Developer,Engineering,Lisa Spencer,Scott Hester
1038,Tyler Jordan,Developer,Engineering,Morgan Byrd,Mr. Trevor Wright
1039,James Garcia,Senior Developer,Engineering,Robert Chapman,David Williams
1040,Melinda Oliver,Senior Developer,Engineering,David Williams,Morgan Byrd
1041,Hailey Clayton,Senior Developer,Engineering,David Williams,David Williams
1042,Billy Crosby,Developer,Engineering,Morgan Byrd,Lisa Spencer
1043,Ross Taylor,Senior Developer,Engineering,Jason Moore,David Williams
1044,Martin Mueller,Senior Developer,Engineering,Morgan Byrd,David Williams
1045,Kimberly Blair,Developer,Engineering,Miranda Fitzgerald,Jason Moore
1046,Andrew Cabrera,Senior Developer,Engineering,Morgan Byrd,Lisa Spencer
1047,Andrew Patterson,Senior Developer,Engineering,Robert Chapman,David Williams
1048,Richard Mcdaniel,Developer,Engineering,Morgan Byrd,David Williams
1049,Alexander Dean,Developer,Engineering,Jason Moore,Scott Hester
1050,Anthony Mcdowell,Senior Developer,Engineering,William Hoover,Robert Chapman
1051,Kevin Hayden,Developer,Engineering,Jason Moore,Robert Chapman
1052,Jeffrey Gamble,Senior Developer,Engineering,Robert Chapman,Scott Hester
1053,Barbara Potter,Senior Developer,Engineering,Morgan Byrd,Lisa Spencer
1054,Katherine Marshall,Senior Developer,Engineering,Scott Hester,Scott Hester
1055,Nicholas Glenn,Developer,Engineering,David Williams,Lisa Spencer
1056,Robert Kelly,Developer,Engineering,Mr. Trevor Wright,Miranda Fitzgerald
1057,Deborah Sweeney,Developer,Engineering,Morgan Byrd,William Hoover
1058,Kelly Reeves,Senior Developer,Engineering,William Hoover,Lisa Spencer
1059,Mary Salinas,Senior Developer,Engineering,Lisa Spencer,Scott Hester
1060,Kaylee White,Senior Developer,Engineering,Lisa Spencer,Lisa Spencer
1061,Joshua Gregory,Developer,Engineering,Scott Hester,William Hoover
1062,Peter Pierce,Developer,Engineering,Morgan Byrd,Mr. Trevor Wright
1063,Suzanne Ramsey,Senior Developer,Engineering,Jason Moore,William Hoover
1064,Johnny Lucas,Developer,Engineering,Mr. Trevor Wright,Scott Hester
1065,Amber Smith,Senior Developer,Engineering,William Hoover,William Hoover
1066,Rodney Hicks,Developer,Engineering,David Williams,Scott Hester
1067,Jason Fuller,Senior Developer,Engineering,Lisa Spencer,Theresa Baker
1068,Jacob Smith,Senior Developer,Engineering,Miranda Fitzgerald,Theresa Baker
1069,Calvin Burke,Senior Developer,Engineering,Theresa Baker,Miranda Fitzgerald
1070,Jeffrey Hale,Developer,Engineering,David Williams,David Williams
1071,Derrick Pearson,Senior Developer,Engineering,Miranda Fitzgerald,Jason Moore
1072,Joshua Rubio,Developer,Engineering,Robert Chapman,Jason Moore
1073,Lynn Woods,Senior Developer,Engineering,Miranda Fitzgerald,Jason Moore
1074,Barry Paul,Senior Developer,Engineering,Scott Hester,Mr. Trevor Wright
1075,Jennifer Watson,Developer,Engineering,Miranda Fitzgerald,Theresa Baker
1076,Kelly Howard,Developer,Engineering,Jason Moore,Mr. Trevor Wright
1077,Shelia Lewis,Developer,Engineering,Theresa Baker,Scott Hester
1078,Olivia Miller,Senior Developer,Engineering,Lisa Spencer,Lisa Spencer
1079,Jason Ortega,Senior Developer,Engineering,David Williams,William Hoover
1080,Angel Cobb,Senior Developer,Engineering,Morgan Byrd,Morgan Byrd
1081,Morgan Alexander,Developer,Engineering,Mr. Trevor Wright,Miranda Fitzgerald
1082,Louis Curtis,Senior Developer,Engineering,Miranda Fitzgerald,Morgan Byrd
1083,Anna Fuentes,Developer,Engineering,Morgan Byrd,William Hoover
1084,Henry Harrington,Developer,Engineering,William Hoover,Lisa Spencer
1085,Judith Morgan,Developer,Engineering,Robert Chapman,William Hoover
1086,Tammy Johnson,Senior Developer,Engineering,Scott Hester,Miranda Fitzgerald
1087,Sheila Campbell,Senior Developer,Engineering,Theresa Baker,Jason Moore
1088,Caitlin Mack,Developer,Engineering,Mr. Trevor Wright,Theresa Baker
1089,Brooke Nelson,Senior Developer,Engineering,Jason Moore,David Williams
1090,Mark Black,Senior Developer,Engineering,Mr. Trevor Wright,Lisa Spencer
1091,Julie Johnson,Developer,Engineering,Scott Hester,Mr. Trevor Wright
1092,Charlotte Page,Senior Developer,Engineering,Robert Chapman,Miranda Fitzgerald
1093,Allen Mercer,Senior Developer,Engineering,Jason Moore,Theresa Baker
1094,Loretta Floyd,Developer,Engineering,Lisa Spencer,Lisa Spencer
1095,Denise Valdez,Developer,Engineering,David Williams,Lisa Spencer
1096,Ana Fowler,Developer,Engineering,Miranda Fitzgerald,Robert Chapman
1097,Steven Herring,Senior Developer,Engineering,Robert Chapman,Lisa Spencer
1098,Jasmine Benson,Senior Developer,Engineering,Robert Chapman,Theresa Baker
1099,Maria Ramirez,Senior Developer,Engineering,David Williams,Mr. Trevor Wright
1100,Anthony Norman,Developer,Engineering,Morgan Byrd,Lisa Spencer
1101,Tina Martinez,Developer,Engineering,Lisa Spencer,Scott Hester
1102,Renee Werner,Senior Developer,Engineering,David Williams,Mr. Trevor Wright
1103,Zoe Cummings,Senior Developer,Engineering,Jason Moore,Miranda Fitzgerald
1104,Elizabeth Sutton,Developer,Engineering,David Williams,Scott Hester
1105,Richard Le,Senior Developer,Engineering,David Williams,David Williams
1106,Andrea Smith,Senior Developer,Engineering,Theresa Baker,Scott Hester
1107,Morgan Black,Senior Developer,Engineering,Lisa Spencer,David Williams
1108,Brett Hoffman,Senior Developer,Engineering,Robert Chapman,Morgan Byrd
1109,Mrs. Bianca Smith,Senior Developer,Engineering,Mr. Trevor Wright,David Williams
1110,Daniel Sanchez,Developer,Engineering,Robert Chapman,Scott Hester
1111,Brent Jackson,Senior Developer,Engineering,Miranda Fitzgerald,Scott Hester
1112,Angela Wolf,Senior Developer,Engineering,Mr. Trevor Wright,Lisa Spencer
1113,Madison Mccormick,Developer,Engineering,Scott Hester,Theresa Baker
1114,Ashley Ruiz,Developer,Engineering,Morgan Byrd,Robert Chapman
1115,Lisa Tucker,Developer,Engineering,Mr. Trevor Wright,Mr. Trevor Wright
1116,Timothy Reyes,Senior Developer,Engineering,Robert Chapman,Mr. Trevor Wright
1117,Carolyn Mccormick,Senior Developer,Engineering,Morgan Byrd,Mr. Trevor Wright
1118,Heather Valenzuela,Developer,Engineering,David Williams,Robert Chapman
1119,Jacqueline Clay,Developer,Engineering,Miranda Fitzgerald,David Williams
1120,Miss Theresa Kim,Senior Developer,Engineering,Theresa Baker,Mr. Trevor Wright
1121,Samuel Jones,Senior Developer,Engineering,Mr. Trevor Wright,William Hoover
1122,Ronald Perez,Developer,Engineering,William Hoover,Lisa Spencer
1123,Dale Singleton,Senior Developer,Engineering,Robert Chapman,William Hoover
1124,Nathan Norman,Developer,Engineering,Robert Chapman,Jason Moore
1125,Jessica Velez,Developer,Engineering,William Hoover,Scott Hester
1126,Carl Knight,Senior Developer,Engineering,Scott Hester,Miranda Fitzgerald
1127,Jessica Nelson,Senior Developer,Engineering,William Hoover,Morgan Byrd
1128,Sharon Johnson,Senior Developer,Engineering,Morgan Byrd,Theresa Baker
1129,Steven Hall,Senior Developer,Engineering,Miranda Fitzgerald,David Williams
1130,Jesse Young,Senior Developer,Engineering,William Hoover,Miranda Fitzgerald
1131,Dennis Allen,Developer,Engineering,Morgan Byrd,David Williams
1132,Darrell Larsen,Developer,Engineering,Miranda Fitzgerald,David Williams
1133,Victoria Gallegos,Developer,Engineering,Robert Chapman,William Hoover
1134,Nicole Long,Senior Developer,Engineering,Scott Hester,Mr. Trevor Wright
1135,Michelle Smith,Senior Developer,Engineering,Mr. Trevor Wright,David Williams
1136,David Hampton,Developer,Engineering,William Hoover,Scott Hester
1137,Michele Weaver,Senior Developer,Engineering,Lisa Spencer,Theresa Baker
1138,James Turner,Developer,Engineering,Mr. Trevor Wright,Theresa Baker
1139,Kevin Cantu,Developer,Engineering,Theresa Baker,Robert Chapman
1140,Brad Harrison,Senior Developer,Engineering,William Hoover,Mr. Trevor Wright
1141,David Moore,Developer,Engineering,Theresa Baker,Robert Chapman
1142,Mary Miller,Developer,Engineering,Theresa Baker,William Hoover
1143,Jessica Manning,Senior Developer,Engineering,Robert Chapman,Scott Hester
1144,Monica Diaz,Senior Developer,Engineering,Theresa Baker,Scott Hester
1145,Zachary Black,Developer,Engineering,William Hoover,Miranda Fitzgerald
1146,Amanda Golden,Developer,Engineering,Lisa Spencer,Robert Chapman
1147,Loretta Gutierrez,Senior Developer,Engineering,David Williams,Scott Hester
1148,Lisa Thompson,Developer,Engineering,Mr. Trevor Wright,Mr. Trevor Wright
1149,Matthew Robbins,Senior Developer,Engineering,Jason Moore,Jason Moore
1150,Frank Jennings,Developer,Engineering,Scott Hester,Miranda Fitzgerald
1151,Dennis Moore,Senior Developer,Engineering,Jason Moore,Theresa Baker
1152,Robert Carlson DVM,Developer,Engineering,Morgan Byrd,Jason Moore
1153,Mark Wilson,Developer,Engineering,Theresa Baker,Mr. Trevor Wright
1154,Andrew Thomas,Senior Developer,Engineering,Miranda Fitzgerald,Scott Hester
1155,Caitlyn Scott,Developer,Engineering,Mr. Trevor Wright,William Hoover
1156,Robert Duncan,Developer,Engineering,David Williams,David Williams
1157,Steven Ball,Developer,Engineering,Scott Hester,Morgan Byrd
1158,Jennifer Heath,Developer,Engineering,Miranda Fitzgerald,Miranda Fitzgerald
1159,Ryan Buckley,Senior Developer,Engineering,Mr. Trevor Wright,William Hoover
1160,Matthew Roberson,Senior Developer,Engineering,David Williams,Mr. Trevor Wright
1161,Scott Stokes,Developer,Engineering,Scott Hester,Jason Moore
1162,Stephanie Lopez,Senior Developer,Engineering,David Williams,Robert Chapman
1163,Adam Hawkins,Senior Developer,Engineering,Theresa Baker,Lisa Spencer
1164,Crystal Zuniga,Developer,Engineering,Jason Moore,Robert Chapman
1165,Cameron Smith,Developer,Engineering,Theresa Baker,Theresa Baker
1166,Leonard Reese,Senior Developer,Engineering,Scott Hester,Jason Moore
1167,Crystal Flynn,Developer,Engineering,Scott Hester,Theresa Baker
1168,Richard Rowland,Senior Developer,Engineering,Scott Hester,Lisa Spencer
1169,Lindsey Rose,Developer,Engineering,Jason Moore,Morgan Byrd
1170,Laura Perez,Senior Developer,Engineering,Lisa Spencer,William Hoover
1171,Robert Cooley,Senior Developer,Engineering,Morgan Byrd,David Williams
1172,Anthony Weaver,Developer,Engineering,Jason Moore,Miranda Fitzgerald
1173,Shawn Flores,Senior Developer,Engineering,Morgan Byrd,Robert Chapman
1174,Arthur Duncan,Developer,Engineering,Robert Chapman,Scott Hester
1175,Heather Jefferson,Senior Developer,Engineering,Mr. Trevor Wright,Lisa Spencer
1176,Jonathan Flores,Developer,Engineering,Lisa Spencer,Miranda Fitzgerald
1177,Elizabeth Garcia,Senior Developer,Engineering,David Williams,Mr. Trevor Wright
1178,Kara Jones,Developer,Engineering,Robert Chapman,David Williams
1179,William Mills,Senior Developer,Engineering,Miranda Fitzgerald,Jason Moore
1180,Nathan Beck,Developer,Engineering,Lisa Spencer,Robert Chapman
1181,Sarah Phelps,Developer,Engineering,Mr. Trevor Wright,Lisa Spencer
1182,Kimberly Shah,Developer,Engineering,Robert Chapman,David Williams
1183,Gerald Barker,Senior Developer,Engineering,Jason Moore,Lisa Spencer
1184,Colleen Todd,Senior Developer,Engineering,William Hoover,Miranda Fitzgerald
1185,Nicholas Escobar,Developer,Engineering,Robert Chapman,Miranda Fitzgerald
1186,Miguel Key,Developer,Engineering,Lisa Spencer,Miranda Fitzgerald
1187,Reginald Salazar,Senior Developer,Engineering,Miranda Fitzgerald,William Hoover
1188,Jasmine Bell,Senior Developer,Engineering,David Williams,David Williams
1189,Lisa Herrera,Developer,Engineering,Morgan Byrd,Robert Chapman
1190,Angel Fields,Developer,Engineering,Scott Hester,Morgan Byrd
1191,Paul Holland,Developer,Engineering,William Hoover,Morgan Byrd
1192,Robert Atkinson,Developer,Engineering,Robert Chapman,Scott Hester
1193,Martin Hunt Jr.,Developer,Engineering,Theresa Baker,Jason Moore
1194,Lisa Hamilton,Developer,Engineering,Mr. Trevor Wright,David Williams
1195,Ryan Pena,Senior Developer,Engineering,Theresa Baker,Miranda Fitzgerald
1196,Amanda Mcguire,Developer,Engineering,Theresa Baker,Lisa Spencer
1197,Mark Davis,Senior Developer,Engineering,Robert Chapman,Mr. Trevor Wright
1198,Sara Craig,Developer,Engineering,Miranda Fitzgerald,Scott Hester
1199,Michele Johnson,Senior Developer,Engineering,Robert Chapman,Robert Chapman
1200,Brian Mills,Developer,Engineering,Lisa Spencer,William Hoover
1201,Scott Barber,Senior Developer,Engineering,Lisa Spencer,Scott Hester
1202,Kevin Reynolds,Senior Developer,Engineering,Mr. Trevor Wright,Jason Moore
1203,Monique Walker,Senior Developer,Engineering,Mr. Trevor Wright,Mr. Trevor Wright
1204,Daniel Stevens,Developer,Engineering,Mr. Trevor Wright,Jason Moore
1205,Jeffrey Wiggins,Product Owner,Product,Kelly Harvey,Kristen Chang
1206,Cindy Gray,Product Owner,Product,Colleen Cooper,Jason Collins
1207,Maria Yates,Product Owner,Product,Kimberly Webb,Kimberly Webb
1208,Christopher Hobbs,Product Owner,Product,Jamie Smith,Kimberly Webb
1209,Nicholas Thomas,Product Owner,Product,Kelly Harvey,Kimberly Webb
1210,Stephanie Fuentes,Product Owner,Product,Stephanie Nelson,Kristen Chang
1211,Gloria Miller,Product Owner,Product,Jamie Smith,Alex Hart
1212,Laura Kirby MD,Product Owner,Product,Kristen Chang,Alex Hart
1213,Christopher Williams,Product Owner,Product,Paul Mills,Kimberly Webb
1214,Marcus Kennedy,Product Owner,Product,Colleen Cooper,Kelly Harvey
1215,Nancy Howell,Product Owner,Product,Alex Hart,Colleen Cooper
1216,Tracy Torres,Product Owner,Product,Jason Collins,Stephanie Nelson
1217,Karen James,Product Owner,Product,Paul Mills,Kelly Harvey
1218,James Houston,Product Owner,Product,Colleen Cooper,Kristen Chang
1219,Nicholas Green,Product Owner,Product,Jason Collins,Alex Hart
1220,Timothy Paul,Product Owner,Product,Jamie Smith,Kelly Harvey
1221,David Holmes,Product Owner,Product,Paul Mills,Jamie Smith
1222,Nicholas Drake,Product Owner,Product,Kelly Harvey,Kristen Chang
1223,Jennifer Johnson,Product Owner,Product,Kristen Chang,Paul Mills
1224,Elizabeth Palmer,Product Owner,Product,Colleen Cooper,Alex Hart
1225,Bobby Terry,Product Owner,Product,Stephanie Nelson,Kristen Chang
1226,Charles Blackburn,Product Owner,Product,Stephanie Nelson,Stephanie Nelson
1227,Austin Daniels,Product Owner,Product,Jamie Smith,Benjamin Carpenter
1228,Victoria Hoffman,Product Owner,Product,Paul Mills,Alex Hart
1229,Lauren Lindsey,Product Owner,Product,Kristen Chang,Jason Collins
1230,David Yu,Product Owner,Product,Benjamin Carpenter,Benjamin Carpenter
1231,Susan Peterson,Product Owner,Product,Paul Mills,Kristen Chang
1232,Joseph Jenkins,Product Owner,Product,Alex Hart,Alex Hart
1233,Gregory Wilson,Product Owner,Product,Kelly Harvey,Stephanie Nelson
1234,Matthew Gutierrez,Product Owner,Product,Paul Mills,Stephanie Nelson
1235,Steven Roberts,Product Owner,Product,Colleen Cooper,Stephanie Nelson
1236,Christopher Jackson,Product Owner,Product,Jason Collins,Kristen Chang
1237,Jamie Morales,Product Owner,Product,Stephanie Nelson,Colleen Cooper
1238,Michelle Wilson,Product Owner,Product,Jamie Smith,Benjamin Carpenter
1239,Diane Cherry,Product Owner,Product,Colleen Cooper,Paul Mills
1240,Carolyn Galvan,Product Owner,Product,Alex Hart,Kelly Harvey
1241,Stacey Ray,Product Owner,Product,Kelly Harvey,Colleen Cooper
1242,Sandra Davis,Product Owner,Product,Kimberly Webb,Jason Collins
1243,David Coleman,Product Owner,Product,Kristen Chang,Kelly Harvey
1244,John Hood,Product Owner,Product,Kelly Harvey,Jamie Smith
1245,William Holt,Product Owner,Product,Stephanie Nelson,Kristen Chang
1246,Cheryl Reynolds,Product Owner,Product,Colleen Cooper,Kristen Chang
1247,Patrick Williams,Product Owner,Product,Kelly Harvey,Colleen Cooper
1248,Karen Welch,Product Owner,Product,Stephanie Nelson,Stephanie Nelson
1249,Brian Cruz,Product Owner,Product,Kimberly Webb,Jamie Smith
1250,Shelby Santiago,Product Owner,Product,Kimberly Webb,Stephanie Nelson
1251,Ronald Burch,Product Owner,Product,Jason Collins,Jason Collins
1252,Andrew Smith,Product Owner,Product,Jason Collins,Stephanie Nelson
1253,Dillon Owen,Product Owner,Product,Paul Mills,Benjamin Carpenter
1254,Mary Liu,Product Owner,Product,Stephanie Nelson,Kimberly Webb
1255,Sarah Miller,Product Owner,Product,Jason Collins,Benjamin Carpenter
1256,Jessica Orr,Product Owner,Product,Kimberly Webb,Paul Mills
1257,Michael Hood,Product Owner,Product,Jason Collins,Alex Hart
1258,Micheal Hardy,Product Owner,Product,Kelly Harvey,Jason Collins
1259,Nicholas Brown,Product Owner,Product,Alex Hart,Kimberly Webb
1260,Christian Green,Product Owner,Product,Paul Mills,Colleen Cooper
1261,Samantha Nguyen,Product Owner,Product,Colleen Cooper,Stephanie Nelson
1262,Mitchell Chan,Product Owner,Product,Kelly Harvey,Jason Collins
1263,Scott Myers,Product Owner,Product,Jason Collins,Jamie Smith
1264,Lynn Bailey,Product Owner,Product,Paul Mills,Alex Hart
1265,Benjamin Macias,Product Owner,Product,Kelly Harvey,Paul Mills
1266,Richard Collins,Product Owner,Product,Kimberly Webb,Alex Hart
1267,Sarah Villa,Product Owner,Product,Kristen Chang,Colleen Cooper
1268,Jessica White,Product Owner,Product,Colleen Cooper,Stephanie Nelson
1269,Patrick Acevedo,Product Owner,Product,Kristen Chang,Colleen Cooper
1270,Melissa Gentry,Product Owner,Product,Kelly Harvey,Benjamin Carpenter
1271,Mario Kennedy,Product Owner,Product,Kimberly Webb,Kristen Chang
1272,Julie Clayton,Product Owner,Product,Kelly Harvey,Paul Mills
1273,William Grant,Product Owner,Product,Kelly Harvey,Kimberly Webb
1274,John Shepherd,Product Owner,Product,Kristen Chang,Alex Hart
1275,Stephanie Owen,Product Owner,Product,Colleen Cooper,Benjamin Carpenter
1276,Mason Bird,Product Owner,Product,Jamie Smith,Kelly Harvey
1277,Jennifer Holt,Product Owner,Product,Kimberly Webb,Jason Collins
1278,Mark Beasley,Product Owner,Product,Kelly Harvey,Kelly Harvey
1279,Valerie Russell,Product Owner,Product,Colleen Cooper,Kristen Chang
1280,George Rios,Product Owner,Product,Kelly Harvey,Colleen Cooper
1281,Tasha Pacheco,Product Owner,Product,Kristen Chang,Benjamin Carpenter
1282,Melissa Ellis,Product Owner,Product,Jamie Smith,Kimberly Webb
1283,Brandon Sharp,Product Owner,Product,Kimberly Webb,Jason Collins
1284,Kaitlyn Castillo,Product Owner,Product,Jamie Smith,Alex Hart
1285,Donna Aguilar,Product Owner,Product,Kimberly Webb,Jason Collins
1286,Amanda Davis,Product Owner,Product,Kristen Chang,Paul Mills
1287,Joshua Collier,Product Owner,Product,Paul Mills,Jason Collins
1288,Amanda Jackson,Product Owner,Product,Paul Mills,Kimberly Webb
1289,Dustin Stevens,Product Owner,Product,Alex Hart,Paul Mills
1290,Nicole Burton,Product Owner,Product,Alex Hart,Paul Mills
1291,Christopher Rodriguez,Product Owner,Product,Kelly Harvey,Benjamin Carpenter
1292,William Garcia,Product Owner,Product,Alex Hart,Kristen Chang
1293,Zachary Lopez,Product Owner,Product,Colleen Cooper,Kelly Harvey
1294,Nathan Rogers,Product Owner,Product,Jamie Smith,Jason Collins
1295,Tiffany Turner,Product Owner,Product,Benjamin Carpenter,Colleen Cooper
1296,Kaylee Fields,Product Owner,Product,Jason Collins,Stephanie Nelson
1297,Amber Stokes,Product Owner,Product,Kristen Chang,Jamie Smith
1298,Megan Mccoy,Product Owner,Product,Kelly Harvey,Jamie Smith
1299,Edwin Peterson,Product Owner,Product,Stephanie Nelson,Benjamin Carpenter
1300,Michael Baxter,Product Owner,Product,Kelly Harvey,Colleen Cooper
1301,Mary Collins,Product Owner,Product,Jamie Smith,Kristen Chang
1302,Michael Forbes,Product Owner,Product,Alex Hart,Kelly Harvey
1303,Gregg Werner,Product Owner,Product,Benjamin Carpenter,Kelly Harvey
1304,Cameron Clark,Product Owner,Product,Kelly Harvey,Alex Hart
1305,Monica Kelly,Product Owner,Product,Colleen Cooper,Kristen Chang
1306,Sara Todd,Product Owner,Product,Kristen Chang,Kimberly Webb
1307,Patricia Colon,Product Owner,Product,Jason Collins,Jamie Smith
1308,William Taylor,Product Owner,Product,Benjamin Carpenter,Kelly Harvey
1309,Harold Wright,Product Owner,Product,Kimberly Webb,Jamie Smith
1310,Jeffrey Cunningham,Product Owner,Product,Kelly Harvey,Colleen Cooper
1311,Pamela Cunningham,Product Owner,Product,Paul Mills,Stephanie Nelson
1312,Brian Collins,Product Owner,Product,Colleen Cooper,Paul Mills
1313,Michael Maddox,Product Owner,Product,Kristen Chang,Benjamin Carpenter
1314,Dean Clark,Product Owner,Product,Alex Hart,Alex Hart
1315,Timothy Jones,Product Owner,Product,Paul Mills,Benjamin Carpenter
1316,Michael Jones,Product Owner,Product,Stephanie Nelson,Kimberly Webb
1317,Ashley Cruz,Product Owner,Product,Stephanie Nelson,Kristen Chang
1318,Reginald Vasquez,Product Owner,Product,Stephanie Nelson,Alex Hart
1319,William Johnson,Product Owner,Product,Paul Mills,Jamie Smith
1320,Latasha Carpenter DDS,Product Owner,Product,Colleen Cooper,Stephanie Nelson
1321,Natalie Taylor,Product Owner,Product,Paul Mills,Colleen Cooper
1322,Jasmine Larson,Product Owner,Product,Kimberly Webb,Benjamin Carpenter
1323,Anthony Flores,Product Owner,Product,Kristen Chang,Kristen Chang
1324,Ashley Holden,Product Owner,Product,Jamie Smith,Paul Mills
1325,Joshua Grant,Product Owner,Product,Colleen Cooper,Kristen Chang
1326,Megan Adams,Product Owner,Product,Paul Mills,Jamie Smith
1327,David Nelson,Product Owner,Product,Paul Mills,Paul Mills
1328,Michael Carrillo,Product Owner,Product,Jamie Smith,Stephanie Nelson
1329,Micheal Hodges MD,Product Owner,Product,Jamie Smith,Kimberly Webb
1330,Vicki Hinton,Product Owner,Product,Kristen Chang,Kimberly Webb
1331,Alan Davis,Product Owner,Product,Jason Collins,Jamie Smith
1332,Casey Gilbert,Product Owner,Product,Kelly Harvey,Kelly Harvey
1333,Lindsay Bolton,Product Owner,Product,Colleen Cooper,Kristen Chang
1334,Brenda Rivera,Product Owner,Product,Kimberly Webb,Alex Hart
1335,Jason Davis,Product Owner,Product,Stephanie Nelson,Alex Hart
1336,Denise Dickson,Product Owner,Product,Kimberly Webb,Paul Mills
1337,Emma Brown,Product Owner,Product,Benjamin Carpenter,Kristen Chang
1338,Rebecca Gibson,Product Owner,Product,Paul Mills,Jason Collins
1339,Jordan Shah,Product Owner,Product,Paul Mills,Kristen Chang
1340,Mary Walker,Product Owner,Product,Colleen Cooper,Jamie Smith
1341,Anita Floyd,Product Owner,Product,Benjamin Carpenter,Benjamin Carpenter
1342,Sophia Hancock,Product Owner,Product,Kimberly Webb,Alex Hart
1343,Mr. James Jones,Product Owner,Product,Kimberly Webb,Colleen Cooper
1344,Phillip Ferguson,Product Owner,Product,Kimberly Webb,Stephanie Nelson
1345,Margaret Hall,Product Owner,Product,Jason Collins,Paul Mills
1346,Eileen Reese,Product Owner,Product,Jamie Smith,Colleen Cooper
1347,Courtney Haynes,Product Owner,Product,Kristen Chang,Jason Collins
1348,Selena Phillips,Product Owner,Product,Stephanie Nelson,Alex Hart
1349,Hunter Allen,Product Owner,Product,Stephanie Nelson,Jason Collins
1350,Aaron Orozco,Product Owner,Product,Colleen Cooper,Paul Mills
1351,Helen House,Product Owner,Product,Jason Collins,Jason Collins
1352,Brandon Murphy,Product Owner,Product,Kimberly Webb,Jamie Smith
1353,David Parrish,Product Owner,Product,Paul Mills,Kelly Harvey
1354,Ricardo Brooks,Product Owner,Product,Colleen Cooper,Paul Mills
1355,Mark Hart,Product Owner,Product,Stephanie Nelson,Colleen Cooper
1356,Jason Miller,Product Owner,Product,Kelly Harvey,Jamie Smith
1357,Meredith Montoya,Product Owner,Product,Colleen Cooper,Paul Mills
1358,Kim Campbell,Product Owner,Product,Kimberly Webb,Paul Mills
1359,Charles Vazquez,Product Owner,Product,Kimberly Webb,Jamie Smith
1360,Matthew Chung,Product Owner,Product,Paul Mills,Jamie Smith
1361,Roger Morales,Product Owner,Product,Stephanie Nelson,Kimberly Webb
1362,Jason Keller,Product Owner,Product,Jamie Smith,Jamie Smith
1363,Melissa Davis,Product Owner,Product,Stephanie Nelson,Kimberly Webb
1364,Thomas Young,Product Owner,Product,Colleen Cooper,Colleen Cooper
1365,Sheena Li,Product Owner,Product,Stephanie Nelson,Alex Hart
1366,Ronnie Bradshaw,Product Owner,Product,Alex Hart,Benjamin Carpenter
1367,Anthony Shaw,Product Owner,Product,Kristen Chang,Benjamin Carpenter
1368,Christina Williams,Product Owner,Product,Kelly Harvey,Kristen Chang
1369,Karen Harper,Product Owner,Product,Jamie Smith,Jason Collins
1370,Robert Hill,Product Owner,Product,Jamie Smith,Kelly Harvey
1371,Henry Patel,Product Owner,Product,Jason Collins,Stephanie Nelson
1372,Kimberly Garrett,Product Owner,Product,Kristen Chang,Colleen Cooper
1373,Drew Black,Product Owner,Product,Stephanie Nelson,Kristen Chang
1374,Stephen Holmes,Product Owner,Product,Stephanie Nelson,Benjamin Carpenter
1375,Steven Flores DDS,Product Owner,Product,Benjamin Carpenter,Paul Mills
1376,Hector Coleman,Product Owner,Product,Kimberly Webb,Kimberly Webb
1377,Alexander Fry,Product Owner,Product,Colleen Cooper,Benjamin Carpenter
1378,Ashley Hall,Product Owner,Product,Alex Hart,Stephanie Nelson
1379,Jenny Meyers,Product Owner,Product,Jason Collins,Jason Collins
1380,Michael Benson,Product Owner,Product,Stephanie Nelson,Kimberly Webb
1381,Betty Brock,Product Owner,Product,Jamie Smith,Benjamin Carpenter
1382,Laura Lee,Product Owner,Product,Kelly Harvey,Kelly Harvey
1383,Derek Black,Product Owner,Product,Stephanie Nelson,Jason Collins
1384,Thomas Morris,Product Owner,Product,Jason Collins,Stephanie Nelson
1385,Marc Richardson,Product Owner,Product,Kelly Harvey,Jamie Smith
1386,Catherine Palmer,Product Owner,Product,Jason Collins,Kimberly Webb
1387,Sherri Nielsen,Product Owner,Product,Colleen Cooper,Jason Collins
1388,Mark Clark,Product Owner,Product,Alex Hart,Colleen Cooper
1389,Patrick Davis,Product Owner,Product,Jason Collins,Colleen Cooper
1390,Michelle Peters,Product Owner,Product,Colleen Cooper,Colleen Cooper
1391,Jesse Arnold,Product Owner,Product,Jamie Smith,Colleen Cooper
1392,Brian Day,Product Owner,Product,Jamie Smith,Kelly Harvey
1393,Cynthia Mason,Product Owner,Product,Stephanie Nelson,Kimberly Webb
1394,Barry Smith,Product Owner,Product,Alex Hart,Jason Collins
1395,Roberto Tucker,Product Owner,Product,Alex Hart,Alex Hart
1396,Daniel Hughes,Product Owner,Product,Kristen Chang,Kimberly Webb
1397,Terry Guzman,Product Owner,Product,Colleen Cooper,Colleen Cooper
1398,Heather Gregory,Product Owner,Product,Kristen Chang,Stephanie Nelson
1399,Brandi Patterson,Product Owner,Product,Jason Collins,Colleen Cooper
1400,April Hill,Product Owner,Product,Benjamin Carpenter,Kelly Harvey
1401,Gregory Moore,Product Owner,Product,Kelly Harvey,Paul Mills
1402,Margaret Rivera,Product Owner,Product,Jason Collins,Benjamin Carpenter
1403,Nicole Garrett,Product Owner,Product,Kimberly Webb,Stephanie Nelson
1404,Jesse Davis,Product Owner,Product,Jason Collins,Alex Hart
1405,Amber Robinson,QA Developer,Quality Assurance,Misty Smith,Melissa Ramirez
1406,April Logan,QA Developer,Quality Assurance,Tommy Berry,Steven Smith
1407,Justin Watts,QA Developer,Quality Assurance,Tommy Berry,Tommy Berry
1408,Amanda Douglas,QA Developer,Quality Assurance,Holly Meyer,Katherine Taylor
1409,Elaine Wyatt,QA Developer,Quality Assurance,Holly Meyer,Holly Meyer
1410,Cindy Robinson,QA Developer,Quality Assurance,Steven Smith,Aaron Meyer
1411,Cesar Graham,QA Developer,Quality Assurance,Robert Wells,Melissa Ramirez
1412,Karen Hanna,QA Developer,Quality Assurance,Robert Wells,Katherine Taylor
1413,Michael Stewart,QA Developer,Quality Assurance,Steven Smith,Katherine Taylor
1414,Diane Wilson,QA Developer,Quality Assurance,Melissa Ramirez,Melissa Ramirez
1415,Tyrone Li,QA Developer,Quality Assurance,Robert Wells,Steven Smith
1416,Rachel Davis DDS,QA Developer,Quality Assurance,Robert Wells,Katherine Taylor
1417,Sharon Marquez,QA Developer,Quality Assurance,Angela Boyd,Tommy Berry
1418,Daniel Brady,QA Developer,Quality Assurance,Melissa Ramirez,Melissa Ramirez
1419,Michael Alvarado,QA Developer,Quality Assurance,Misty Smith,Katherine Taylor
1420,Nicole Washington,QA Developer,Quality Assurance,Katherine Taylor,Tommy Berry
1421,Bobby Franklin,QA Developer,Quality Assurance,Robert Wells,Robert Wells
1422,Joshua Harris,QA Developer,Quality Assurance,Steven Smith,Misty Smith
1423,Carolyn Thomas,QA Developer,Quality Assurance,Angela Boyd,Melissa Ramirez
1424,Tom Marks,QA Developer,Quality Assurance,Melissa Ramirez,Aaron Meyer
1425,Jeanette Long,QA Developer,Quality Assurance,Melissa Young,Angela Boyd
1426,Brandy Brown,QA Developer,Quality Assurance,Robert Wells,Melissa Young
1427,Victoria Hill,QA Developer,Quality Assurance,Katherine Taylor,Misty Smith
1428,David Anderson,QA Developer,Quality Assurance,Tommy Berry,Katherine Taylor
1429,Renee Berger,QA Developer,Quality Assurance,Robert Wells,Robert Wells
1430,Sabrina Mendoza,QA Developer,Quality Assurance,Melissa Ramirez,Robert Wells
1431,Michael Cohen,QA Developer,Quality Assurance,Angela Boyd,Melissa Young
1432,Scott Meyer,QA Developer,Quality Assurance,Melissa Ramirez,Steven Smith
1433,Sara Faulkner,QA Developer,Quality Assurance,Aaron Meyer,Steven Smith
1434,Daniel Lewis,QA Developer,Quality Assurance,Melissa Ramirez,Melissa Ramirez
1435,Michael House,QA Developer,Quality Assurance,Tommy Berry,Melissa Ramirez
1436,Shawn Webster,QA Developer,Quality Assurance,Angela Boyd,Aaron Meyer
1437,Susan Rodriguez,QA Developer,Quality Assurance,Robert Wells,Robert Wells
1438,Christopher Mills,QA Developer,Quality Assurance,Melissa Ramirez,Holly Meyer
1439,Ashley West,QA Developer,Quality Assurance,Angela Boyd,Aaron Meyer
1440,Timothy Parker,QA Developer,Quality Assurance,Misty Smith,Katherine Taylor
1441,Thomas Parker,QA Developer,Quality Assurance,Katherine Taylor,Katherine Taylor
1442,Thomas Morgan,QA Developer,Quality Assurance,Melissa Young,Aaron Meyer
1443,Jennifer Price,QA Developer,Quality Assurance,Robert Wells,Steven Smith
1444,Karen Taylor,QA Developer,Quality Assurance,Katherine Taylor,Holly Meyer
1445,Bernard Williams,QA Developer,Quality Assurance,Holly Meyer,Misty Smith
1446,Brianna Glover,QA Developer,Quality Assurance,Misty Smith,Tommy Berry
1447,Mark Nunez,QA Developer,Quality Assurance,Misty Smith,Katherine Taylor
1448,Keith Reed,QA Developer,Quality Assurance,Katherine Taylor,Tommy Berry
1449,Rebecca Johnson,QA Developer,Quality Assurance,Aaron Meyer,Melissa Ramirez
1450,Tina Moore DVM,QA Developer,Quality Assurance,Melissa Ramirez,Robert Wells
1451,Kelly Williams,QA Developer,Quality Assurance,Katherine Taylor,Steven Smith
1452,William Johnson,QA Developer,Quality Assurance,Aaron Meyer,Misty Smith
1453,Michael Anthony,QA Developer,Quality Assurance,Misty Smith,Aaron Meyer
1454,Bruce Olson,QA Developer,Quality Assurance,Steven Smith,Steven Smith
1455,Kevin Wilson,QA Developer,Quality Assurance,Aaron Meyer,Melissa Ramirez
1456,Katelyn Mckay,QA Developer,Quality Assurance,Angela Boyd,Angela Boyd
1457,Laura Benton,QA Developer,Quality Assurance,Aaron Meyer,Angela Boyd
1458,Walter Hubbard,QA Developer,Quality Assurance,Melissa Ramirez,Holly Meyer
1459,Joshua Morse,QA Developer,Quality Assurance,Aaron Meyer,Melissa Young
1460,Kaitlin Ross,QA Developer,Quality Assurance,Angela Boyd,Misty Smith
1461,Catherine Harris,QA Developer,Quality Assurance,Melissa Young,Tommy Berry
1462,Jared Eaton,QA Developer,Quality Assurance,Angela Boyd,Holly Meyer
1463,Kathy Harper,QA Developer,Quality Assurance,Melissa Ramirez,Robert Wells
1464,Jared Ward,QA Developer,Quality Assurance,Katherine Taylor,Steven Smith
1465,Samuel White,QA Developer,Quality Assurance,Aaron Meyer,Aaron Meyer
1466,Cheyenne Henson,QA Developer,Quality Assurance,Tommy Berry,Angela Boyd
1467,Deborah Chang,QA Developer,Quality Assurance,Holly Meyer,Angela Boyd
1468,Andrea Farmer,QA Developer,Quality Assurance,Aaron Meyer,Katherine Taylor
1469,Anna Schmidt,QA Developer,Quality Assurance,Steven Smith,Angela Boyd
1470,Andrew Carrillo,QA Developer,Quality Assurance,Misty Smith,Katherine Taylor
1471,Patrick Hopkins,QA Developer,Quality Assurance,Robert Wells,Holly Meyer
1472,Sean Hill,QA Developer,Quality Assurance,Robert Wells,Steven Smith
1473,Jason Young,QA Developer,Quality Assurance,Misty Smith,Robert Wells
1474,Virginia Taylor MD,QA Developer,Quality Assurance,Angela Boyd,Melissa Young
1475,Alicia Ball,QA Developer,Quality Assurance,Katherine Taylor,Melissa Young
1476,Douglas Sanchez,QA Developer,Quality Assurance,Melissa Young,Robert Wells
1477,Bryan Wright,QA Developer,Quality Assurance,Holly Meyer,Melissa Ramirez
1478,Kyle Gibbs,QA Developer,Quality Assurance,Holly Meyer,Aaron Meyer
1479,Leslie Smith,QA Developer,Quality Assurance,Holly Meyer,Misty Smith
1480,James Stokes,QA Developer,Quality Assurance,Robert Wells,Melissa Ramirez
1481,Joseph Parker,QA Developer,Quality Assurance,Steven Smith,Melissa Ramirez
1482,Amy Smith,QA Developer,Quality Assurance,Angela Boyd,Tommy Berry
1483,Guy Thomas,QA Developer,Quality Assurance,Misty Smith,Tommy Berry
1484,Emily Lewis,QA Developer,Quality Assurance,Melissa Young,Tommy Berry
1485,Tracy Garcia,QA Developer,Quality Assurance,Angela Boyd,Aaron Meyer
1486,Kathryn Daniel,QA Developer,Quality Assurance,Melissa Young,Melissa Young
1487,Diana Zhang,QA Developer,Quality Assurance,Holly Meyer,Misty Smith
1488,Paige Gray,QA Developer,Quality Assurance,Holly Meyer,Steven Smith
1489,Patricia Green,QA Developer,Quality Assurance,Melissa Young,Tommy Berry
1490,Anna Trevino,QA Developer,Quality Assurance,Tommy Berry,Katherine Taylor
1491,Johnny Dyer,QA Developer,Quality Assurance,Melissa Young,Steven Smith
1492,Haley Short,QA Developer,Quality Assurance,Misty Smith,Melissa Young
1493,Mark Clay,QA Developer,Quality Assurance,Misty Smith,Aaron Meyer
1494,Jose Vega,QA Developer,Quality Assurance,Angela Boyd,Aaron Meyer
1495,Martin Hammond,QA Developer,Quality Assurance,Tommy Berry,Tommy Berry
1496,Courtney Smith,QA Developer,Quality Assurance,Robert Wells,Angela Boyd
1497,Matthew Bailey,QA Developer,Quality Assurance,Robert Wells,Tommy Berry
1498,Ana Cook,QA Developer,Quality Assurance,Angela Boyd,Misty Smith
1499,Jack Collins,QA Developer,Quality Assurance,Katherine Taylor,Holly Meyer
1500,Christopher Murray,QA Developer,Quality Assurance,Holly Meyer,Melissa Ramirez
1501,Samantha Huynh,QA Developer,Quality Assurance,Angela Boyd,Misty Smith
1502,David Johnson,QA Developer,Quality Assurance,Steven Smith,Angela Boyd
1503,Kimberly Brown,QA Developer,Quality Assurance,Robert Wells,Robert Wells
1504,Jenny Duncan,QA Developer,Quality Assurance,Angela Boyd,Aaron Meyer
1505,Whitney Bennett,QA Developer,Quality Assurance,Steven Smith,Angela Boyd
1506,Melissa Elliott,QA Developer,Quality Assurance,Katherine Taylor,Aaron Meyer
1507,Denise Dean,QA Developer,Quality Assurance,Misty Smith,Melissa Ramirez
1508,Brett Fowler,QA Developer,Quality Assurance,Holly Meyer,Tommy Berry
1509,Adam Weber,QA Developer,Quality Assurance,Melissa Ramirez,Robert Wells
1510,Christine Reid,QA Developer,Quality Assurance,Angela Boyd,Aaron Meyer
1511,Raymond Fowler,QA Developer,Quality Assurance,Holly Meyer,Angela Boyd
1512,Mary Cruz,QA Developer,Quality Assurance,Melissa Young,Tommy Berry
1513,Vanessa Pena,QA Developer,Quality Assurance,Angela Boyd,Aaron Meyer
1514,Clinton Cannon,QA Developer,Quality Assurance,Robert Wells,Steven Smith
1515,Jonathan Garcia,QA Developer,Quality Assurance,Katherine Taylor,Misty Smith
1516,Linda Brown,QA Developer,Quality Assurance,Aaron Meyer,Melissa Ramirez
1517,Lauren Reed,QA Developer,Quality Assurance,Melissa Young,Misty Smith
1518,Brett Wilson,QA Developer,Quality Assurance,Aaron Meyer,Katherine Taylor
1519,William Abbott,QA Developer,Quality Assurance,Aaron Meyer,Melissa Young
1520,James Nelson,QA Developer,Quality Assurance,Holly Meyer,Aaron Meyer
1521,Jacob Martin,QA Developer,Quality Assurance,Katherine Taylor,Katherine Taylor
1522,Elizabeth Schultz,QA Developer,Quality Assurance,Angela Boyd,Angela Boyd
1523,Maria Patterson,QA Developer,Quality Assurance,Angela Boyd,Tommy Berry
1524,Gerald Lewis,QA Developer,Quality Assurance,Aaron Meyer,Katherine Taylor
1525,Krista Thomas,QA Developer,Quality Assurance,Misty Smith,Melissa Young
1526,Nicolas Mitchell,QA Developer,Quality Assurance,Melissa Young,Aaron Meyer
1527,Robin Crawford,QA Developer,Quality Assurance,Misty Smith,Aaron Meyer
1528,Austin Thornton,QA Developer,Quality Assurance,Holly Meyer,Misty Smith
1529,John Kennedy,QA Developer,Quality Assurance,Melissa Young,Steven Smith
1530,Shelby Burton,QA Developer,Quality Assurance,Holly Meyer,Melissa Ramirez
1531,Juan Nelson,QA Developer,Quality Assurance,Tommy Berry,Aaron Meyer
1532,Traci Ross,QA Developer,Quality Assurance,Robert Wells,Steven Smith
1533,Carol Hernandez,QA Developer,Quality Assurance,Misty Smith,Melissa Ramirez
1534,John Wu,QA Developer,Quality Assurance,Angela Boyd,Melissa Young
1535,Christopher Smith DDS,QA Developer,Quality Assurance,Melissa Young,Tommy Berry
1536,Elizabeth Lane,QA Developer,Quality Assurance,Aaron Meyer,Misty Smith
1537,Stephanie Erickson,QA Developer,Quality Assurance,Melissa Young,Angela Boyd
1538,Jill Harris,QA Developer,Quality Assurance,Melissa Young,Holly Meyer
1539,Joseph Cain,QA Developer,Quality Assurance,Angela Boyd,Melissa Ramirez
1540,Eddie Morgan,QA Developer,Quality Assurance,Melissa Young,Aaron Meyer
1541,Kelly Weaver,QA Developer,Quality Assurance,Robert Wells,Angela Boyd
1542,Michelle Stevenson,QA Developer,Quality Assurance,Holly Meyer,Melissa Young
1543,Kathryn Knight,QA Developer,Quality Assurance,Katherine Taylor,Steven Smith
1544,Lydia Shields,QA Developer,Quality Assurance,Robert Wells,Tommy Berry
1545,Timothy Garza,QA Developer,Quality Assurance,Holly Meyer,Aaron Meyer
1546,Tracy Shaw,QA Developer,Quality Assurance,Aaron Meyer,Angela Boyd
1547,Angelica Hall,QA Developer,Quality Assurance,Holly Meyer,Tommy Berry
1548,Danielle Mason,QA Developer,Quality Assurance,Holly Meyer,Misty Smith
1549,Michael Collins,QA Developer,Quality Assurance,Melissa Young,Aaron Meyer
1550,Janice Cobb PhD,QA Developer,Quality Assurance,Aaron Meyer,Melissa Young
1551,Jessica Dodson,QA Developer,Quality Assurance,Robert Wells,Angela Boyd
1552,Alexis Shepard,QA Developer,Quality Assurance,Angela Boyd,Tommy Berry
1553,Peter Marquez,QA Developer,Quality Assurance,Holly Meyer,Robert Wells
1554,Holly Dunlap,QA Developer,Quality Assurance,Tommy Berry,Holly Meyer
1555,Deborah Jimenez,QA Developer,Quality Assurance,Holly Meyer,Robert Wells
1556,Stacy Parker,QA Developer,Quality Assurance,Holly Meyer,Robert Wells
1557,Amanda Pace,QA Developer,Quality Assurance,Steven Smith,Holly Meyer
1558,Richard Lee,QA Developer,Quality Assurance,Aaron Meyer,Tommy Berry
1559,Angela Hahn,QA Developer,Quality Assurance,Katherine Taylor,Melissa Young
1560,Sherry Becker,QA Developer,Quality Assurance,Robert Wells,Holly Meyer
1561,Caitlin Wright,QA Developer,Quality Assurance,Angela Boyd,Misty Smith
1562,Ashley Johnson,QA Developer,Quality Assurance,Misty Smith,Steven Smith
1563,Joshua Wilson,QA Developer,Quality Assurance,Katherine Taylor,Melissa Young
1564,Thomas Francis,QA Developer,Quality Assurance,Angela Boyd,Steven Smith
1565,Andrew Robinson,QA Developer,Quality Assurance,Angela Boyd,Misty Smith
1566,Melissa Hayes,QA Developer,Quality Assurance,Katherine Taylor,Tommy Berry
1567,Jennifer Wolfe,QA Developer,Quality Assurance,Misty Smith,Steven Smith
1568,Jordan Mills,QA Developer,Quality Assurance,Melissa Ramirez,Misty Smith
1569,Valerie Miller,QA Developer,Quality Assurance,Tommy Berry,Holly Meyer
1570,Joy Leonard,QA Developer,Quality Assurance,Melissa Ramirez,Katherine Taylor
1571,Zachary Phelps,QA Developer,Quality Assurance,Aaron Meyer,Melissa Ramirez
1572,Marvin Williams,QA Developer,Quality Assurance,Steven Smith,Katherine Taylor
1573,Richard Wright,QA Developer,Quality Assurance,Aaron Meyer,Tommy Berry
1574,Philip Soto,QA Developer,Quality Assurance,Melissa Ramirez,Misty Smith
1575,Michael Robinson,QA Developer,Quality Assurance,Katherine Taylor,Katherine Taylor
1576,Matthew Joseph,QA Developer,Quality Assurance,Misty Smith,Aaron Meyer
1577,Lisa Chavez,QA Developer,Quality Assurance,Steven Smith,Angela Boyd
1578,Benjamin Gibbs,QA Developer,Quality Assurance,Robert Wells,Steven Smith
1579,Christopher Cooper,QA Developer,Quality Assurance,Melissa Ramirez,Katherine Taylor
1580,Melvin Singleton,QA Developer,Quality Assurance,Robert Wells,Steven Smith
1581,Sonya Crawford,QA Developer,Quality Assurance,Misty Smith,Melissa Ramirez
1582,John Torres,QA Developer,Quality Assurance,Misty Smith,Angela Boyd
1583,Nathan Lewis,QA Developer,Quality Assurance,Tommy Berry,Melissa Ramirez
1584,Rebecca Holmes,QA Developer,Quality Assurance,Tommy Berry,Angela Boyd
1585,Paul Rollins,QA Developer,Quality Assurance,Katherine Taylor,Misty Smith
1586,Kathleen Johnston,QA Developer,Quality Assurance,Melissa Ramirez,Melissa Young
1587,Justin Anthony,QA Developer,Quality Assurance,Robert Wells,Melissa Young
1588,Christine Johnson,QA Developer,Quality Assurance,Holly Meyer,Tommy Berry
1589,Betty Coleman,QA Developer,Quality Assurance,Katherine Taylor,Misty Smith
1590,Melissa Coleman,QA Developer,Quality Assurance,Aaron Meyer,Angela Boyd
1591,Christopher Fields,QA Developer,Quality Assurance,Holly Meyer,Misty Smith
1592,Michael Cabrera,QA Developer,Quality Assurance,Aaron Meyer,Melissa Young
1593,Angela Brown,QA Developer,Quality Assurance,Melissa Young,Katherine Taylor
1594,Mark Phillips,QA Developer,Quality Assurance,Katherine Taylor,Melissa Ramirez
1595,Allen Paul,QA Developer,Quality Assurance,Tommy Berry,Misty Smith
1596,Alyssa Copeland,QA Developer,Quality Assurance,Robert Wells,Melissa Ramirez
1597,Jonathan Horton,QA Developer,Quality Assurance,Misty Smith,Holly Meyer
1598,Jennifer Walker,QA Developer,Quality Assurance,Aaron Meyer,Misty Smith
1599,Jessica Bright,QA Developer,Quality Assurance,Katherine Taylor,Melissa Young
1600,Daniel White,QA Developer,Quality Assurance,Tommy Berry,Misty Smith
1601,Beth Vaughn,QA Developer,Quality Assurance,Melissa Ramirez,Melissa Ramirez
1602,Jessica Moore,QA Developer,Quality Assurance,Steven Smith,Katherine Taylor
1603,Michael Morton,QA Developer,Quality Assurance,Tommy Berry,Melissa Ramirez
1604,Dorothy Cox,QA Developer,Quality Assurance,Angela Boyd,Melissa Ramirez
